id,name
s_iva0,account_tax_template_s_iva0
s_iva0_art22,account_tax_template_s_iva0_art22
s_iva0_art23,account_tax_template_s_iva0_art23
s_iva0_nsd,account_tax_template_s_iva0_nsd
s_iva0b,account_tax_template_s_iva0b
s_iva0s,account_tax_template_s_iva0s
s_iva2b,account_tax_template_s_iva2b
s_iva2s,account_tax_template_s_iva2s
s_iva4b,account_tax_template_s_iva4b
s_iva4s,account_tax_template_s_iva4s
s_iva5b,account_tax_template_s_iva5b
s_iva5s,account_tax_template_s_iva5s
s_iva7-5b,account_tax_template_s_iva7-5b
s_iva7-5s,account_tax_template_s_iva7-5s
s_iva10b,account_tax_template_s_iva10b
s_iva10s,account_tax_template_s_iva10s
s_iva21b,account_tax_template_s_iva21b
s_iva21s,account_tax_template_s_iva21s
s_iva0_isp,account_tax_template_s_iva0_isp
s_iva0_sp_i,account_tax_template_s_iva0_sp_i
s_iva0_g_i,account_tax_template_s_iva0_g_i
s_iva0_g_e,account_tax_template_s_iva0_g_e
s_iva_ns,account_tax_template_s_iva_ns
s_iva_ns_b,account_tax_template_s_iva_ns_b
s_iva_e,account_tax_template_s_iva_e
p_iva0_s_bc,account_tax_template_p_iva0_s_bc
p_iva0_s_sc,account_tax_template_p_iva0_s_sc
p_iva2_bc,account_tax_template_p_iva2_bc
p_iva2_sc,account_tax_template_p_iva2_sc
p_iva4_bc,account_tax_template_p_iva4_bc
p_iva4_sc,account_tax_template_p_iva4_sc
p_iva4_bi,account_tax_template_p_iva4_bi
p_iva5_bc,account_tax_template_p_iva5_bc
p_iva5_sc,account_tax_template_p_iva5_sc
p_iva7-5_bc,account_tax_template_p_iva7-5_bc
p_iva7-5_sc,account_tax_template_p_iva7-5_sc
p_iva10_bc,account_tax_template_p_iva10_bc
p_iva10_sc,account_tax_template_p_iva10_sc
p_iva10_bi,account_tax_template_p_iva10_bi
p_iva21_bc,account_tax_template_p_iva21_bc
p_iva21_sc,account_tax_template_p_iva21_sc
p_iva21_bi,account_tax_template_p_iva21_bi
p_iva0_bc,account_tax_template_p_iva0_bc
p_iva0_ic_sc,account_tax_template_p_iva0_ic_sc
p_iva2_ic_sc,account_tax_template_p_iva2_ic_sc
p_iva4_sp_in,account_tax_template_p_iva4_sp_in
p_iva5_ic_sc,account_tax_template_p_iva5_ic_sc
p_iva7-5_ic_sc,account_tax_template_p_iva7-5_ic_sc
p_iva10_sp_in,account_tax_template_p_iva10_sp_in
p_iva21_sp_in,account_tax_template_p_iva21_sp_in
p_iva0_ic_bc,account_tax_template_p_iva0_ic_bc
p_iva2_ic_bc,account_tax_template_p_iva2_ic_bc
p_iva4_ic_bc,account_tax_template_p_iva4_ic_bc
p_iva5_ic_bc,account_tax_template_p_iva5_ic_bc
p_iva7-5_ic_bc,account_tax_template_p_iva7-5_ic_bc
p_iva10_ic_bc,account_tax_template_p_iva10_ic_bc
p_iva21_ic_bc,account_tax_template_p_iva21_ic_bc
p_iva4_ic_bi,account_tax_template_p_iva4_ic_bi
p_iva10_ic_bi,account_tax_template_p_iva10_ic_bi
p_iva21_ic_bi,account_tax_template_p_iva21_ic_bi
p_iva0_ibc,account_tax_template_p_iva0_ibc
p_iva2_ibc,account_tax_template_p_iva2_ibc
p_iva4_ibc,account_tax_template_p_iva4_ibc
p_iva5_ibc,account_tax_template_p_iva5_ibc
p_iva7-5_ibc,account_tax_template_p_iva7-5_ibc
p_iva10_ibc,account_tax_template_p_iva10_ibc
p_iva21_ibc,account_tax_template_p_iva21_ibc
p_iva12_agr,account_tax_template_p_iva12_agr
p_iva21_isp,account_tax_template_p_iva21_isp
p_iva10_isp,account_tax_template_p_iva10_isp
p_iva4_isp,account_tax_template_p_iva4_isp
p_iva21_isp_bi,account_tax_template_p_iva21_isp_bi
p_iva10_isp_bi,account_tax_template_p_iva10_isp_bi
p_iva4_isp_bi,account_tax_template_p_iva4_isp_bi
p_iva21_sp_ex,account_tax_template_p_iva21_sp_ex
p_iva10_sp_ex,account_tax_template_p_iva10_sp_ex
p_iva7-5_isc,account_tax_template_p_iva7-5_isc
p_iva5_isc,account_tax_template_p_iva5_isc
p_iva4_sp_ex,account_tax_template_p_iva4_sp_ex
p_iva2_isc,account_tax_template_p_iva2_isc
p_iva0_isc,account_tax_template_p_iva0_isc
p_iva0_ns,account_tax_template_p_iva0_ns
p_iva0_ns_b,account_tax_template_p_iva0_ns_b
p_iva0_nd,account_tax_template_p_iva0_nd
p_iva10_nd,account_tax_template_p_iva10_nd
p_iva7-5_nd,account_tax_template_p_iva7-5_nd
p_iva5_nd,account_tax_template_p_iva5_nd
p_iva4_nd,account_tax_template_p_iva4_nd
p_iva2_nd,account_tax_template_p_iva2_nd
s_req0,account_tax_template_s_req0
s_req05,account_tax_template_s_req05
s_req062,account_tax_template_s_req062
s_req014,account_tax_template_s_req014
s_req52,account_tax_template_s_req52
p_req0,account_tax_template_p_req0
p_req05,account_tax_template_p_req05
p_req062,account_tax_template_p_req062
p_req014,account_tax_template_p_req014
p_req52,account_tax_template_p_req52
p_iva21_ibc_group,account_tax_template_p_iva21_ibc_group
p_iva4_ibc_group,account_tax_template_p_iva4_ibc_group
p_iva10_ibc_group,account_tax_template_p_iva10_ibc_group
s_irpf1,account_tax_template_s_irpf1
p_irpf1,account_tax_template_p_irpf1
s_irpf2,account_tax_template_s_irpf2
p_irpf2,account_tax_template_p_irpf2
s_irpf7,account_tax_template_s_irpf7
p_irpf7,account_tax_template_p_irpf7
s_irpf9,account_tax_template_s_irpf9
p_irpf9,account_tax_template_p_irpf9
s_irpf15,account_tax_template_s_irpf15
p_irpf15,account_tax_template_p_irpf15
s_irpf18,account_tax_template_s_irpf18
p_irpf18,account_tax_template_p_irpf18
s_irpf19,account_tax_template_s_irpf19
s_irpf19a,account_tax_template_s_irpf19a
s_irpf195a,account_tax_template_s_irpf195a
p_irpf19,account_tax_template_p_irpf19
p_irpf19a,account_tax_template_p_irpf19a
p_irpf195a,account_tax_template_p_irpf195a
s_irpf20,account_tax_template_s_irpf20
s_irpf20a,account_tax_template_s_irpf20a
p_irpf20,account_tax_template_p_irpf20
p_irpf20a,account_tax_template_p_irpf20a
s_irpf21,account_tax_template_s_irpf21
s_irpf21a,account_tax_template_s_irpf21a
p_irpf21a,account_tax_template_p_irpf21a
p_irpf21p,account_tax_template_p_irpf21p
s_irpf24,account_tax_template_s_irpf24
p_irpf24,account_tax_template_p_irpf24
p_irpf24_rdc,account_tax_template_p_irpf24_rdc
p_irpf35cya,account_tax_template_p_irpf35cya
s_irpfnrue0,account_tax_template_s_irpfnrue0
s_irpfnrnue0,account_tax_template_s_irpfnrnue0
p_irpfnrue0p,account_tax_template_p_irpfnrue0p
s_irpfnrnue24,account_tax_template_s_irpfnrnue24
p_irpfnrnue24p,account_tax_template_p_irpfnrnue24p
s_irpfnrue19,account_tax_template_s_irpfnrue19
p_irpfnrue19p,account_tax_template_p_irpfnrue19p
p_rp19,account_tax_template_p_rp19
p_rrD19,account_tax_template_p_rrD19
igic_r_0,account_tax_template_igic_r_0
igic_r_3,account_tax_template_igic_r_3
igic_r_5,account_tax_template_igic_r_5
igic_r_7,account_tax_template_igic_r_7
igic_r_9_5,account_tax_template_igic_r_9_5
igic_r_15,account_tax_template_igic_r_15
igic_r_20,account_tax_template_igic_r_20
igic_s_ISP0,account_tax_template_igic_s_ISP0
igic_ex_0,account_tax_template_igic_ex_0
igic_re_ex,account_tax_template_igic_re_ex
igic_cmino,account_tax_template_igic_cmino
s_igic_ns,account_tax_template_s_igic_ns
igic_p_ex,account_tax_template_igic_p_ex
p_igic_ns,account_tax_template_p_igic_ns
igic_sop_0,account_tax_template_igic_sop_0
igic_sop_3,account_tax_template_igic_sop_3
igic_sop_5,account_tax_template_igic_sop_5
igic_sop_7,account_tax_template_igic_sop_7
igic_sop_9_5,account_tax_template_igic_sop_9_5
igic_sop_15,account_tax_template_igic_sop_15
igic_sop_20,account_tax_template_igic_sop_20
igic_sop_0_inv,account_tax_template_igic_sop_0_inv
igic_sop_3_inv,account_tax_template_igic_sop_3_inv
igic_sop_5_inv,account_tax_template_igic_sop_5_inv
igic_sop_7_inv,account_tax_template_igic_sop_7_inv
igic_sop_9_5_inv,account_tax_template_igic_sop_9_5_inv
igic_sop_15_inv,account_tax_template_igic_sop_15_inv
igic_sop_20_inv,account_tax_template_igic_sop_20_inv
igic_sop_cmino,account_tax_template_igic_sop_cmino
igic_sop_3_cmino,account_tax_template_igic_sop_3_cmino
igic_sop_5_cmino,account_tax_template_igic_sop_5_cmino
igic_sop_7_cmino,account_tax_template_igic_sop_7_cmino
igic_sop_9_5_cmino,account_tax_template_igic_sop_9_5_cmino
igic_sop_15_cmino,account_tax_template_igic_sop_15_cmino
igic_sop_20_cmino,account_tax_template_igic_sop_20_cmino
igic_sop_i_0,account_tax_template_igic_sop_i_0
igic_sop_i_3,account_tax_template_igic_sop_i_3
igic_sop_i_5,account_tax_template_igic_sop_i_5
igic_sop_i_7,account_tax_template_igic_sop_i_7
igic_sop_i_9_5,account_tax_template_igic_sop_i_9_5
igic_sop_i_15,account_tax_template_igic_sop_i_15
igic_sop_i_20,account_tax_template_igic_sop_i_20
igic_sop_i_0_inv,account_tax_template_igic_sop_i_0_inv
igic_sop_i_3_inv,account_tax_template_igic_sop_i_3_inv
igic_sop_i_5_inv,account_tax_template_igic_sop_i_5_inv
igic_sop_i_7_inv,account_tax_template_igic_sop_i_7_inv
igic_sop_i_9_5_inv,account_tax_template_igic_sop_i_9_5_inv
igic_sop_i_15_inv,account_tax_template_igic_sop_i_15_inv
igic_sop_i_20_inv,account_tax_template_igic_sop_i_20_inv
igic_sop_i_3_group,account_tax_template_igic_sop_i_3_group
igic_sop_i_5_group,account_tax_template_igic_sop_i_5_group
igic_sop_i_7_group,account_tax_template_igic_sop_i_7_group
igic_sop_i_9_5_group,account_tax_template_igic_sop_i_9_5_group
igic_sop_i_15_group,account_tax_template_igic_sop_i_15_group
igic_sop_i_20_group,account_tax_template_igic_sop_i_20_group
igic_ISP0,account_tax_template_igic_ISP0
igic_ISP3,account_tax_template_igic_ISP3
igic_ISP5,account_tax_template_igic_ISP5
igic_ISP7,account_tax_template_igic_ISP7
igic_ISP95,account_tax_template_igic_ISP95
igic_ISP15,account_tax_template_igic_ISP15
igic_ISP20,account_tax_template_igic_ISP20
igic_p_re0,account_tax_template_igic_p_re0
igic_p_re03,account_tax_template_igic_p_re03
igic_p_re05,account_tax_template_igic_p_re05
igic_p_re07,account_tax_template_igic_p_re07
igic_p_re095,account_tax_template_igic_p_re095
igic_p_re15,account_tax_template_igic_p_re15
igic_p_re20,account_tax_template_igic_p_re20
